id,name,mineralPrice,gasPrice,researchTime,energyCost,whatResearches,race,weapon,targetsUnit,targetsPosition,order,requiredUnit,whatUses
0,Stim_Packs,100,100,1200,0,Terran_Academy,Terran,None,false,false,None,None,Terran_Marine|Terran_Firebat|Hero_Jim_Raynor_Marine|Hero_Gui_Montag
1,Lockdown,200,200,1500,100,Terran_Covert_Ops,Terran,Lockdown,true,false,CastLockdown,None,Terran_Ghost|Hero_Alexei_Stukov|Hero_Infested_Duran|Hero_Samir_Duran|Hero_Sarah_Kerrigan
2,EMP_Shockwave,200,200,1800,100,Terran_Science_Facility,Terran,EMP_Shockwave,true,true,CastEMPShockwave,None,Terran_Science_Vessel|Hero_Magellan
3,Spider_Mines,100,100,1200,0,Terran_Machine_Shop,Terran,Spider_Mines,false,true,PlaceMine,None,Terran_Vulture|Hero_Jim_Raynor_Vulture
4,Scanner_Sweep,0,0,0,50,None,Terran,None,true,true,CastScannerSweep,None,Terran_Comsat_Station
5,Tank_Siege_Mode,150,150,1200,0,Terran_Machine_Shop,Terran,None,false,false,None,None,Terran_Siege_Tank_Tank_Mode|Terran_Siege_Tank_Siege_Mode|Hero_Edmund_Duke_Tank_Mode|Hero_Edmund_Duke_Siege_Mode
6,Defensive_Matrix,0,0,0,100,None,Terran,None,true,false,CastDefensiveMatrix,None,Terran_Science_Vessel|Hero_Magellan
7,Irradiate,200,200,1200,75,Terran_Science_Facility,Terran,Irradiate,true,false,CastIrradiate,None,Terran_Science_Vessel|Hero_Magellan
8,Yamato_Gun,100,100,1800,150,Terran_Physics_Lab,Terran,Yamato_Gun,true,false,FireYamatoGun,None,Terran_Battlecruiser|Hero_Gerard_DuGalle|Hero_Hyperion|Hero_Norad_II
9,Cloaking_Field,150,150,1500,25,Terran_Control_Tower,Terran,None,false,false,None,None,Terran_Wraith|Hero_Tom_Kazansky
10,Personnel_Cloaking,100,100,1200,25,Terran_Covert_Ops,Terran,None,false,false,None,None,Terran_Ghost|Hero_Alexei_Stukov|Hero_Infested_Duran|Hero_Samir_Duran|Hero_Sarah_Kerrigan|Hero_Infested_Kerrigan
11,Burrowing,100,100,1200,0,Zerg_Hatchery,Zerg,None,false,false,None,None,Zerg_Zergling|Zerg_Hydralisk|Zerg_Drone|Zerg_Defiler|Zerg_Infested_Terran|Hero_Unclean_One|Hero_Hunter_Killer|Hero_Devouring_One|Zerg_Lurker
12,Infestation,0,0,0,0,None,Zerg,None,true,false,CastInfestation,None,Zerg_Queen|Hero_Matriarch
13,Spawn_Broodlings,100,100,1200,150,Zerg_Queens_Nest,Zerg,Spawn_Broodlings,true,false,CastSpawnBroodlings,None,Zerg_Queen|Hero_Matriarch
14,Dark_Swarm,0,0,0,100,None,Zerg,Dark_Swarm,true,true,CastDarkSwarm,None,Zerg_Defiler|Hero_Unclean_One
15,Plague,200,200,1500,150,Zerg_Defiler_Mound,Zerg,Plague,true,true,CastPlague,None,Zerg_Defiler|Hero_Unclean_One
16,Consume,100,100,1500,0,Zerg_Defiler_Mound,Zerg,Consume,true,false,CastConsume,None,Zerg_Defiler|Hero_Unclean_One|Hero_Infested_Kerrigan|Hero_Infested_Duran
17,Ensnare,100,100,1200,75,Zerg_Queens_Nest,Zerg,Ensnare,true,true,CastEnsnare,None,Zerg_Queen|Hero_Matriarch|Hero_Infested_Kerrigan
18,Parasite,0,0,0,75,None,Zerg,Parasite,true,false,CastParasite,None,Zerg_Queen|Hero_Matriarch
19,Psionic_Storm,200,200,1800,75,Protoss_Templar_Archives,Protoss,Psionic_Storm,true,true,CastPsionicStorm,None,Protoss_High_Templar|Hero_Tassadar|Hero_Infested_Kerrigan
20,Hallucination,150,150,1200,100,Protoss_Templar_Archives,Protoss,None,true,false,CastHallucination,None,Protoss_High_Templar|Hero_Tassadar
21,Recall,150,150,1800,150,Protoss_Arbiter_Tribunal,Protoss,None,true,true,CastRecall,None,Protoss_Arbiter|Hero_Danimoth
22,Stasis_Field,150,150,1500,100,Protoss_Arbiter_Tribunal,Protoss,Stasis_Field,true,true,CastStasisField,None,Protoss_Arbiter|Hero_Danimoth
23,Archon_Warp,0,0,0,0,None,Protoss,None,true,false,None,None,Protoss_High_Templar
24,Restoration,100,100,1200,50,Terran_Academy,Terran,Restoration,true,false,CastRestoration,None,Terran_Medic
25,Disruption_Web,200,200,1200,125,Protoss_Fleet_Beacon,Protoss,Disruption_Web,true,true,CastDisruptionWeb,None,Protoss_Corsair|Hero_Raszagal
27,Mind_Control,200,200,1800,150,Protoss_Templar_Archives,Protoss,Mind_Control,true,false,CastMindControl,None,Protoss_Dark_Archon
28,Dark_Archon_Meld,0,0,0,0,None,Protoss,None,true,false,None,None,Protoss_Dark_Templar
29,Feedback,100,100,1800,50,None,Protoss,Feedback,true,false,CastFeedback,None,Protoss_Dark_Archon
30,Optical_Flare,100,100,1800,75,Terran_Academy,Terran,Optical_Flare,true,false,CastOpticalFlare,None,Terran_Medic
31,Maelstrom,100,100,1500,100,Protoss_Templar_Archives,Protoss,Maelstrom,true,true,CastMaelstrom,None,Protoss_Dark_Archon
32,Lurker_Aspect,200,200,1800,0,Zerg_Hydralisk_Den,Zerg,None,false,false,None,Zerg_Lair,Zerg_Hydralisk
34,Healing,0,0,0,1,None,Terran,None,true,true,MedicHeal,None,Terran_Medic
45,Nuclear_Strike,0,0,0,0,None,Terran,Nuclear_Strike,true,true,NukePaint,None,Terran_Ghost
